imageID,asymmetry,melanoom_truth
ISIC_0000000,0.809,0.0
ISIC_0000001,0.923,0.0
ISIC_0000002,0.883,1.0
ISIC_0000003,0.914,0.0
ISIC_0000004,0.865,1.0
ISIC_0000006,0.877,0.0
ISIC_0000007,0.818,0.0
ISIC_0000008,0.904,0.0
ISIC_0000009,0.821,0.0
ISIC_0000010,0.844,0.0
ISIC_0000011,0.889,0.0
ISIC_0000012,0.883,0.0
ISIC_0000013,0.852,1.0
ISIC_0000014,0.767,0.0
ISIC_0000015,0.906,0.0
ISIC_0000016,0.894,0.0
ISIC_0000017,0.899,0.0
ISIC_0000018,0.805,0.0
ISIC_0000019,0.884,0.0
ISIC_0000020,0.821,0.0
ISIC_0000021,0.764,0.0
ISIC_0000022,0.847,1.0
ISIC_0000023,0.889,0.0
ISIC_0000024,0.93,0.0
ISIC_0000025,0.884,0.0
ISIC_0000026,0.787,1.0
ISIC_0000027,0.902,0.0
ISIC_0000028,0.805,0.0
ISIC_0000029,0.926,1.0
ISIC_0000030,0.899,1.0
ISIC_0000031,0.871,1.0
ISIC_0000032,0.926,0.0
ISIC_0000034,0.788,0.0
ISIC_0000035,0.874,1.0
ISIC_0000036,0.894,1.0
ISIC_0000037,0.76,0.0
ISIC_0000038,0.787,0.0
ISIC_0000039,0.953,0.0
ISIC_0000040,0.307,1.0
ISIC_0000041,0.849,0.0
ISIC_0000042,0.922,0.0
ISIC_0000043,0.869,1.0
ISIC_0000044,0.878,0.0
ISIC_0000045,0.96,0.0
ISIC_0000046,0.818,1.0
ISIC_0000047,0.876,0.0
ISIC_0000048,0.836,0.0
ISIC_0000049,0.894,1.0
ISIC_0000050,0.836,0.0
ISIC_0000051,0.753,0.0
ISIC_0000052,0.953,0.0
ISIC_0000053,0.929,0.0
ISIC_0000054,0.87,1.0
ISIC_0000055,0.808,0.0
ISIC_0000056,0.889,1.0
ISIC_0000057,0.9,0.0
ISIC_0000059,0.858,0.0
ISIC_0000061,0.924,0.0
ISIC_0000062,0.849,0.0
ISIC_0000063,0.294,0.0
ISIC_0000064,0.939,0.0
ISIC_0000065,0.669,0.0
ISIC_0000066,0.874,0.0
ISIC_0000067,0.924,0.0
ISIC_0000068,0.869,0.0
ISIC_0000069,0.83,0.0
ISIC_0000071,0.835,0.0
ISIC_0000072,0.908,0.0
ISIC_0000073,0.81,0.0
ISIC_0000074,0.697,1.0
ISIC_0000075,0.927,0.0
ISIC_0000077,0.914,1.0
ISIC_0000078,0.847,1.0
ISIC_0000079,0.824,0.0
ISIC_0000080,0.92,0.0
ISIC_0000081,0.787,0.0
ISIC_0000082,0.846,0.0
ISIC_0000085,0.913,0.0
ISIC_0000086,0.735,0.0
ISIC_0000087,0.743,0.0
ISIC_0000088,0.816,0.0
ISIC_0000089,0.744,0.0
ISIC_0000091,0.894,0.0
ISIC_0000092,0.846,0.0
ISIC_0000093,0.916,0.0
ISIC_0000094,0.82,0.0
ISIC_0000095,0.85,0.0
ISIC_0000096,0.878,0.0
ISIC_0000097,0.77,0.0
ISIC_0000098,0.732,0.0
ISIC_0000099,0.794,0.0
ISIC_0000100,0.918,0.0
ISIC_0000101,0.308,0.0
ISIC_0000102,0.865,0.0
ISIC_0000103,0.915,0.0
ISIC_0000104,0.88,0.0
ISIC_0000105,0.841,0.0
ISIC_0000107,0.791,0.0
ISIC_0000108,0.925,0.0
ISIC_0000109,0.84,0.0
ISIC_0000110,0.809,0.0
ISIC_0000111,0.821,0.0
ISIC_0000112,0.894,0.0
ISIC_0000113,0.902,0.0
ISIC_0000116,0.815,0.0
ISIC_0000118,0.881,0.0
ISIC_0000119,0.852,0.0
ISIC_0000120,0.917,0.0
ISIC_0000121,0.923,0.0
ISIC_0000122,0.85,0.0
ISIC_0000123,0.76,0.0
ISIC_0000124,0.887,0.0
ISIC_0000125,0.936,0.0
ISIC_0000126,0.888,0.0
ISIC_0000127,0.83,0.0
ISIC_0000128,0.926,0.0
ISIC_0000129,0.836,0.0
ISIC_0000130,0.881,0.0
ISIC_0000131,0.977,0.0
ISIC_0000132,0.382,0.0
ISIC_0000133,0.925,0.0
ISIC_0000134,0.766,0.0
ISIC_0000135,0.925,0.0
ISIC_0000136,0.864,0.0
ISIC_0000137,0.767,0.0
ISIC_0000138,0.9,0.0
ISIC_0000139,0.931,1.0
ISIC_0000140,0.917,1.0
ISIC_0000141,0.748,1.0
ISIC_0000142,0.947,1.0
ISIC_0000143,0.816,1.0
ISIC_0000145,0.904,1.0
ISIC_0000146,0.929,1.0
ISIC_0000147,0.952,1.0
ISIC_0000148,0.774,1.0
ISIC_0000149,0.941,1.0
ISIC_0000150,0.833,1.0
ISIC_0000151,0.766,1.0
ISIC_0000152,0.911,1.0
ISIC_0000153,0.878,1.0
ISIC_0000154,0.803,1.0
ISIC_0000155,0.934,1.0
ISIC_0000156,0.731,1.0
ISIC_0000157,0.934,1.0
ISIC_0000159,0.896,1.0
ISIC_0000160,0.757,1.0
ISIC_0000161,0.848,1.0
ISIC_0000162,0.877,1.0
ISIC_0000163,0.746,1.0
ISIC_0000164,0.841,1.0
ISIC_0000165,0.725,1.0
ISIC_0000166,0.924,1.0
ISIC_0000167,0.845,1.0
ISIC_0000169,0.866,1.0
ISIC_0000171,0.885,1.0
ISIC_0000172,0.857,1.0
ISIC_0000174,0.792,1.0
ISIC_0000176,0.894,1.0
ISIC_0000177,0.862,0.0
ISIC_0000179,0.838,0.0
ISIC_0000181,0.873,0.0
ISIC_0000182,0.97,0.0
ISIC_0000184,0.868,0.0
ISIC_0000185,0.897,0.0
ISIC_0000186,0.94,0.0
ISIC_0000188,0.905,0.0
ISIC_0000189,0.922,0.0
ISIC_0000190,0.895,0.0
ISIC_0000191,0.826,0.0
ISIC_0000192,0.798,0.0
ISIC_0000193,0.78,0.0
ISIC_0000196,0.864,0.0
ISIC_0000197,0.881,0.0
ISIC_0000198,0.95,0.0
ISIC_0000199,0.924,0.0
ISIC_0000201,0.882,0.0
ISIC_0000202,0.848,0.0
ISIC_0000203,0.844,0.0
ISIC_0000204,0.933,0.0
ISIC_0000205,0.868,0.0
ISIC_0000206,0.836,0.0
ISIC_0000207,0.839,0.0
ISIC_0000208,0.887,0.0
ISIC_0000209,0.923,0.0
ISIC_0000211,0.949,0.0
ISIC_0000212,0.872,0.0
ISIC_0000213,0.793,0.0
ISIC_0000214,0.638,0.0
ISIC_0000215,0.875,0.0
ISIC_0000216,0.916,0.0
ISIC_0000217,0.864,0.0
ISIC_0000218,0.806,0.0
ISIC_0000219,0.833,0.0
ISIC_0000220,0.861,0.0
ISIC_0000221,0.943,0.0
ISIC_0000222,0.91,0.0
ISIC_0000223,0.719,0.0
ISIC_0000224,0.921,0.0
ISIC_0000225,0.917,0.0
ISIC_0000226,0.912,0.0
ISIC_0000227,0.921,0.0
ISIC_0000229,0.737,0.0
ISIC_0000231,0.897,0.0
ISIC_0000232,0.943,0.0
ISIC_0000233,0.826,0.0
ISIC_0000234,0.94,0.0
ISIC_0000235,0.942,0.0
ISIC_0000236,0.892,0.0
ISIC_0000237,0.879,0.0
ISIC_0000239,0.894,0.0
ISIC_0000240,0.908,0.0
ISIC_0000242,0.765,0.0
ISIC_0000243,0.874,0.0
ISIC_0000244,0.877,0.0
ISIC_0000245,0.878,0.0
ISIC_0000246,0.906,0.0
ISIC_0000247,0.934,0.0
ISIC_0000250,0.83,0.0
ISIC_0000251,0.867,0.0
ISIC_0000252,0.876,0.0
ISIC_0000253,0.846,0.0
ISIC_0000254,0.918,0.0
ISIC_0000255,0.837,0.0
ISIC_0000256,0.872,0.0
ISIC_0000258,0.867,0.0
ISIC_0000259,0.864,0.0
ISIC_0000260,0.91,0.0
ISIC_0000261,0.958,0.0
ISIC_0000262,0.844,0.0
ISIC_0000263,0.883,0.0
ISIC_0000264,0.821,0.0
ISIC_0000265,0.847,0.0
ISIC_0000268,0.806,0.0
ISIC_0000269,0.948,0.0
ISIC_0000274,0.811,0.0
ISIC_0000275,0.799,0.0
ISIC_0000276,0.891,1.0
ISIC_0000277,0.922,1.0
ISIC_0000278,0.882,1.0
ISIC_0000281,0.864,1.0
ISIC_0000282,0.897,1.0
ISIC_0000283,0.839,1.0
ISIC_0000285,0.927,1.0
ISIC_0000288,0.872,1.0
ISIC_0000289,0.841,1.0
ISIC_0000290,0.794,1.0
ISIC_0000292,0.901,1.0
ISIC_0000293,0.878,1.0
ISIC_0000294,0.808,1.0
ISIC_0000295,0.906,1.0
ISIC_0000297,0.956,1.0
ISIC_0000298,0.891,1.0
ISIC_0000299,0.856,1.0
ISIC_0000300,0.906,1.0
ISIC_0000301,0.888,1.0
ISIC_0000302,0.853,1.0
ISIC_0000303,0.853,1.0
ISIC_0000306,0.882,1.0
ISIC_0000307,0.849,1.0
ISIC_0000310,0.921,1.0
ISIC_0000311,0.874,1.0
ISIC_0000313,0.868,1.0
ISIC_0000314,0.927,1.0
ISIC_0000315,0.83,0.0
ISIC_0000316,0.853,0.0
ISIC_0000317,0.85,0.0
ISIC_0000319,0.853,0.0
ISIC_0000320,0.918,0.0
ISIC_0000321,0.907,0.0
ISIC_0000322,0.778,0.0
ISIC_0000323,0.927,0.0
ISIC_0000324,0.929,0.0
ISIC_0000325,0.883,0.0
ISIC_0000326,0.861,0.0
ISIC_0000327,0.85,0.0
ISIC_0000328,0.88,0.0
ISIC_0000329,0.93,0.0
ISIC_0000330,0.835,0.0
ISIC_0000331,0.933,0.0
ISIC_0000332,0.911,0.0
ISIC_0000336,0.845,0.0
ISIC_0000338,0.842,0.0
ISIC_0000340,0.878,0.0
ISIC_0000341,0.819,0.0
ISIC_0000342,0.878,0.0
ISIC_0000343,0.888,0.0
ISIC_0000344,0.807,0.0
ISIC_0000345,0.901,0.0
ISIC_0000346,0.851,0.0
ISIC_0000347,0.958,0.0
ISIC_0000348,0.875,0.0
ISIC_0000349,0.916,0.0
ISIC_0000350,0.684,0.0
ISIC_0000351,0.741,0.0
ISIC_0000352,0.886,0.0
ISIC_0000353,0.865,0.0
ISIC_0000354,0.895,0.0
ISIC_0000355,0.883,0.0
ISIC_0000357,0.892,0.0
ISIC_0000358,0.933,0.0
ISIC_0000359,0.882,0.0
ISIC_0000360,0.938,0.0
ISIC_0000361,0.897,0.0
ISIC_0000363,0.759,0.0
ISIC_0000364,0.924,0.0
ISIC_0000365,0.95,0.0
ISIC_0000366,0.785,0.0
ISIC_0000367,0.917,0.0
ISIC_0000368,0.919,0.0
ISIC_0000369,0.846,0.0
ISIC_0000370,0.929,0.0
ISIC_0000371,0.877,0.0
ISIC_0000372,0.831,0.0
ISIC_0000374,0.888,0.0
ISIC_0000376,0.926,0.0
ISIC_0000377,0.315,0.0
ISIC_0000378,0.883,0.0
ISIC_0000379,0.798,0.0
ISIC_0000380,0.807,0.0
ISIC_0000381,0.761,0.0
ISIC_0000382,0.815,0.0
ISIC_0000383,0.292,0.0
ISIC_0000384,0.848,0.0
ISIC_0000385,0.903,0.0
ISIC_0000386,0.922,0.0
ISIC_0000387,0.753,0.0
ISIC_0000388,0.948,0.0
ISIC_0000390,0.802,1.0
ISIC_0000391,0.955,0.0
ISIC_0000392,0.874,0.0
ISIC_0000393,0.864,1.0
ISIC_0000395,0.873,1.0
ISIC_0000396,0.928,0.0
ISIC_0000397,0.817,0.0
ISIC_0000403,0.811,0.0
ISIC_0000407,0.736,0.0
ISIC_0000408,0.802,0.0
ISIC_0000409,0.865,0.0
ISIC_0000410,0.69,1.0
ISIC_0000412,0.763,1.0
ISIC_0000413,0.772,1.0
ISIC_0000415,0.665,1.0
ISIC_0000416,0.319,0.0
ISIC_0000418,0.665,0.0
ISIC_0000419,0.673,0.0
ISIC_0000420,0.713,1.0
ISIC_0000421,0.917,0.0
ISIC_0000423,0.9,0.0
ISIC_0000425,0.792,0.0
ISIC_0000426,0.728,0.0
ISIC_0000427,0.863,0.0
ISIC_0000431,0.821,0.0
ISIC_0000433,0.719,0.0
ISIC_0000434,0.802,1.0
ISIC_0000436,0.877,0.0
ISIC_0000439,0.918,0.0
ISIC_0000442,0.81,0.0
ISIC_0000443,0.895,0.0
ISIC_0000444,0.823,1.0
ISIC_0000445,0.871,1.0
ISIC_0000447,0.837,0.0
ISIC_0000448,0.792,0.0
ISIC_0000449,0.868,0.0
ISIC_0000451,0.927,0.0
ISIC_0000453,0.832,0.0
ISIC_0000455,0.8,0.0
ISIC_0000456,0.296,0.0
ISIC_0000457,0.934,0.0
ISIC_0000458,0.87,0.0
ISIC_0000460,0.77,0.0
ISIC_0000461,0.822,0.0
ISIC_0000463,0.946,1.0
ISIC_0000465,0.835,0.0
ISIC_0000466,0.742,1.0
ISIC_0000467,0.846,0.0
ISIC_0000468,0.374,0.0
ISIC_0000469,0.819,1.0
ISIC_0000470,0.896,0.0
ISIC_0000471,0.897,0.0
ISIC_0000473,0.874,0.0
ISIC_0000474,0.841,0.0
ISIC_0000475,0.808,0.0
ISIC_0000476,0.588,0.0
ISIC_0000478,0.918,0.0
ISIC_0000479,0.831,0.0
ISIC_0000480,0.814,0.0
ISIC_0000481,0.763,0.0
ISIC_0000482,0.745,1.0
ISIC_0000483,0.878,0.0
ISIC_0000484,0.712,1.0
ISIC_0000485,0.819,0.0
ISIC_0000486,0.893,0.0
ISIC_0000487,0.807,1.0
ISIC_0000488,0.744,0.0
ISIC_0000489,0.799,0.0
ISIC_0000490,0.917,0.0
ISIC_0000491,0.904,0.0
ISIC_0000492,0.873,0.0
ISIC_0000493,0.816,0.0
ISIC_0000494,0.91,0.0
ISIC_0000495,0.873,0.0
ISIC_0000496,0.817,0.0
ISIC_0000498,0.788,0.0
ISIC_0000499,0.683,0.0
ISIC_0000500,0.75,0.0
ISIC_0000501,0.896,0.0
ISIC_0000503,0.877,0.0
ISIC_0000504,0.93,0.0
ISIC_0000505,0.663,0.0
ISIC_0000506,0.93,0.0
ISIC_0000507,0.842,0.0
ISIC_0000508,0.857,0.0
ISIC_0000509,0.771,0.0
ISIC_0000510,0.904,0.0
ISIC_0000511,0.801,1.0
ISIC_0000513,0.891,1.0
ISIC_0000514,0.825,0.0
ISIC_0000515,0.895,0.0
ISIC_0000516,0.731,1.0
ISIC_0000517,0.789,1.0
ISIC_0000518,0.872,1.0
ISIC_0000519,0.897,1.0
ISIC_0000520,0.868,1.0
ISIC_0000521,0.752,1.0
ISIC_0000522,0.66,1.0
ISIC_0000523,0.964,0.0
ISIC_0000524,0.83,0.0
ISIC_0000525,0.903,0.0
ISIC_0000527,0.834,0.0
ISIC_0000528,0.778,0.0
ISIC_0000529,0.732,0.0
ISIC_0000530,0.901,0.0
ISIC_0000531,0.847,1.0
ISIC_0000532,0.748,0.0
ISIC_0000533,0.842,1.0
ISIC_0000534,0.88,0.0
ISIC_0000535,0.872,0.0
ISIC_0000536,0.861,0.0
ISIC_0000538,0.84,0.0
ISIC_0000539,0.792,0.0
ISIC_0000540,0.911,0.0
ISIC_0000541,0.827,0.0
ISIC_0000542,0.711,0.0
ISIC_0000543,0.928,0.0
ISIC_0000544,0.878,0.0
ISIC_0000545,0.831,0.0
ISIC_0000546,0.826,0.0
ISIC_0000547,0.74,1.0
ISIC_0000548,0.762,1.0
ISIC_0000549,0.791,1.0
ISIC_0000550,0.806,1.0
ISIC_0000551,0.838,1.0
ISIC_0000552,0.927,1.0
ISIC_0000554,0.215,1.0
ISIC_0000555,0.79,1.0
ISIC_0000556,0.893,0.0
ISIC_0000882,0.832,0.0
ISIC_0000900,0.855,0.0
ISIC_0000999,0.885,0.0
ISIC_0001100,0.788,1.0
ISIC_0001102,0.843,1.0
ISIC_0001103,0.861,1.0
ISIC_0001105,0.906,1.0
ISIC_0001118,0.788,1.0
ISIC_0001119,0.8,1.0
ISIC_0001126,0.75,1.0
ISIC_0001128,0.765,1.0
ISIC_0001131,0.742,1.0
ISIC_0001133,0.903,1.0
ISIC_0001134,0.775,1.0
ISIC_0001140,0.892,1.0
ISIC_0001142,0.814,1.0
ISIC_0001148,0.871,1.0
ISIC_0001152,0.7,1.0
ISIC_0001960,0.815,0.0
ISIC_0002093,0.733,0.0
ISIC_0002107,0.906,0.0
ISIC_0002206,0.957,0.0
ISIC_0002246,0.846,0.0
ISIC_0002251,0.797,0.0
ISIC_0002287,0.726,0.0
ISIC_0002353,0.899,0.0
ISIC_0002374,0.859,0.0
ISIC_0002438,0.937,0.0
ISIC_0002439,0.903,0.0
ISIC_0002453,0.85,0.0
ISIC_0002459,0.893,0.0
ISIC_0002469,0.876,0.0
ISIC_0002476,0.792,0.0
ISIC_0002488,0.883,0.0
ISIC_0002489,0.847,0.0
ISIC_0002616,0.904,0.0
ISIC_0002647,0.8,0.0
ISIC_0002673,0.783,0.0
ISIC_0002780,0.886,0.0
ISIC_0002806,0.827,0.0
ISIC_0002829,0.904,0.0
ISIC_0002836,0.885,0.0
ISIC_0002871,0.897,0.0
ISIC_0002879,0.835,0.0
ISIC_0002885,0.93,0.0
ISIC_0002948,0.846,0.0
ISIC_0002975,0.939,0.0
ISIC_0002976,0.856,0.0
ISIC_0003005,0.765,0.0
ISIC_0003051,0.926,0.0
ISIC_0003056,0.8,0.0
ISIC_0003174,0.909,0.0
ISIC_0003308,0.771,0.0
ISIC_0003346,0.841,0.0
ISIC_0003728,0.937,0.0
ISIC_0004110,0.808,0.0
ISIC_0004115,0.724,0.0
ISIC_0004166,0.938,0.0
ISIC_0004168,0.891,0.0
ISIC_0004309,0.741,0.0
ISIC_0004346,0.893,0.0
ISIC_0004715,0.945,0.0
ISIC_0004985,0.778,0.0
ISIC_0005000,0.896,0.0
ISIC_0005187,0.842,0.0
ISIC_0005548,0.828,0.0
ISIC_0005555,0.801,0.0
ISIC_0005620,0.911,0.0
ISIC_0005639,0.884,0.0
ISIC_0005666,0.822,0.0
ISIC_0005787,0.847,0.0
ISIC_0006021,0.754,0.0
ISIC_0006114,0.839,0.0
ISIC_0006193,0.908,0.0
ISIC_0006326,0.854,0.0
ISIC_0006350,0.842,0.0
ISIC_0006612,0.918,0.0
ISIC_0006711,0.883,0.0
ISIC_0006776,0.946,0.0
ISIC_0006795,0.904,0.0
ISIC_0006800,0.89,0.0
ISIC_0006940,0.838,0.0
ISIC_0006982,0.809,0.0
ISIC_0007038,0.761,0.0
ISIC_0007087,0.804,0.0
ISIC_0007322,0.879,0.0
ISIC_0007475,0.784,0.0
ISIC_0007557,0.851,0.0
ISIC_0007693,0.787,0.0
ISIC_0007760,0.951,0.0
ISIC_0008029,0.86,0.0
ISIC_0008116,0.826,0.0
ISIC_0008145,0.73,0.0
ISIC_0008207,0.824,0.0
ISIC_0008236,0.727,0.0
ISIC_0008256,0.792,0.0
ISIC_0008280,0.921,0.0
ISIC_0008294,0.81,0.0
ISIC_0008347,0.735,0.0
ISIC_0008396,0.952,0.0
ISIC_0008403,0.94,0.0
ISIC_0008406,0.803,0.0
ISIC_0008507,0.882,0.0
ISIC_0008528,0.79,0.0
ISIC_0008541,0.816,0.0
ISIC_0008552,0.903,0.0
ISIC_0008600,0.769,0.0
ISIC_0008626,0.371,0.0
ISIC_0008659,0.714,0.0
ISIC_0008785,0.924,0.0
ISIC_0008807,0.825,0.0
ISIC_0008879,0.93,0.0
ISIC_0008992,0.805,0.0
ISIC_0008993,0.868,0.0
ISIC_0008998,0.331,0.0
ISIC_0009035,0.918,0.0
ISIC_0009078,0.912,0.0
ISIC_0009083,0.744,0.0
ISIC_0009160,0.927,0.0
ISIC_0009165,0.901,0.0
ISIC_0009188,0.82,0.0
ISIC_0009252,0.849,0.0
ISIC_0009297,0.941,0.0
ISIC_0009298,0.887,0.0
ISIC_0009344,0.825,0.0
ISIC_0009430,0.877,0.0
ISIC_0009504,0.852,0.0
ISIC_0009533,0.796,0.0
ISIC_0009564,0.892,0.0
ISIC_0009583,0.687,0.0
ISIC_0009599,0.806,0.0
ISIC_0009758,0.864,0.0
ISIC_0009860,0.69,0.0
ISIC_0009868,0.868,1.0
ISIC_0009869,0.814,0.0
ISIC_0009870,0.94,0.0
ISIC_0009871,0.865,0.0
ISIC_0009872,0.843,0.0
ISIC_0009873,0.785,0.0
ISIC_0009874,0.739,0.0
ISIC_0009875,0.791,0.0
ISIC_0009877,0.912,0.0
ISIC_0009879,0.81,0.0
ISIC_0009880,0.908,0.0
ISIC_0009881,0.879,0.0
ISIC_0009882,0.928,1.0
ISIC_0009883,0.899,0.0
ISIC_0009884,0.937,0.0
ISIC_0009885,0.91,0.0
ISIC_0009888,0.818,0.0
ISIC_0009889,0.873,0.0
ISIC_0009891,0.812,0.0
ISIC_0009895,0.874,0.0
ISIC_0009896,0.611,0.0
ISIC_0009897,0.867,1.0
ISIC_0009898,0.842,1.0
ISIC_0009899,0.797,0.0
ISIC_0009901,0.915,0.0
ISIC_0009902,0.922,0.0
ISIC_0009905,0.831,1.0
ISIC_0009906,0.842,0.0
ISIC_0009909,0.855,0.0
ISIC_0009910,0.706,1.0
ISIC_0009911,0.972,0.0
ISIC_0009912,0.948,0.0
ISIC_0009914,0.72,0.0
ISIC_0009915,0.836,0.0
ISIC_0009917,0.861,0.0
ISIC_0009918,0.903,1.0
ISIC_0009919,0.831,0.0
ISIC_0009920,0.902,0.0
ISIC_0009921,0.848,0.0
ISIC_0009923,0.87,0.0
ISIC_0009925,0.908,0.0
ISIC_0009929,0.828,0.0
ISIC_0009930,0.745,0.0
ISIC_0009931,0.895,0.0
ISIC_0009932,0.621,0.0
ISIC_0009933,0.959,0.0
ISIC_0009935,0.869,0.0
ISIC_0009936,0.77,0.0
ISIC_0009937,0.756,0.0
ISIC_0009938,0.931,0.0
ISIC_0009939,0.745,0.0
ISIC_0009940,0.819,0.0
ISIC_0009941,0.91,0.0
ISIC_0009942,0.938,0.0
ISIC_0009943,0.679,0.0
ISIC_0009945,0.917,0.0
ISIC_0009946,0.932,0.0
ISIC_0009947,0.899,0.0
ISIC_0009949,0.826,0.0
ISIC_0009950,0.866,1.0
ISIC_0009951,0.928,0.0
ISIC_0009953,0.817,0.0
ISIC_0009954,0.903,0.0
ISIC_0009955,0.815,1.0
ISIC_0009956,0.796,0.0
ISIC_0009958,0.931,0.0
ISIC_0009960,0.867,1.0
ISIC_0009961,0.77,0.0
ISIC_0009962,0.731,0.0
ISIC_0009963,0.853,0.0
ISIC_0009964,0.866,0.0
ISIC_0009965,0.821,0.0
ISIC_0009966,0.868,0.0
ISIC_0009967,0.825,0.0
ISIC_0009968,0.877,0.0
ISIC_0009969,0.897,0.0
ISIC_0009971,0.866,1.0
ISIC_0009972,0.896,0.0
ISIC_0009973,0.921,0.0
ISIC_0009974,0.947,0.0
ISIC_0009975,0.887,0.0
ISIC_0009976,0.888,0.0
ISIC_0009977,0.861,0.0
ISIC_0009979,0.905,0.0
ISIC_0009981,0.917,0.0
ISIC_0009982,0.907,0.0
ISIC_0009987,0.784,0.0
ISIC_0009991,0.826,0.0
ISIC_0009993,0.842,1.0
ISIC_0009994,0.709,0.0
ISIC_0009998,0.968,0.0
ISIC_0010000,0.802,1.0
ISIC_0010002,0.873,0.0
ISIC_0010003,0.874,0.0
ISIC_0010005,0.731,0.0
ISIC_0010006,0.849,0.0
ISIC_0010011,0.877,1.0
ISIC_0010013,0.843,0.0
ISIC_0010014,0.939,0.0
ISIC_0010015,0.86,0.0
ISIC_0010016,0.816,1.0
ISIC_0010017,0.892,0.0
ISIC_0010018,0.854,0.0
ISIC_0010019,0.808,0.0
ISIC_0010020,0.828,0.0
ISIC_0010021,0.907,0.0
ISIC_0010022,0.7,0.0
ISIC_0010024,0.799,1.0
ISIC_0010025,0.857,0.0
ISIC_0010028,0.929,0.0
ISIC_0010029,0.746,1.0
ISIC_0010032,0.798,0.0
ISIC_0010034,0.901,1.0
ISIC_0010036,0.807,1.0
ISIC_0010040,0.802,0.0
ISIC_0010042,0.87,0.0
ISIC_0010043,0.869,0.0
ISIC_0010044,0.962,0.0
ISIC_0010046,0.764,0.0
ISIC_0010047,0.753,0.0
ISIC_0010051,0.933,0.0
ISIC_0010053,0.904,0.0
ISIC_0010054,0.816,1.0
ISIC_0010055,0.934,0.0
ISIC_0010057,0.909,0.0
ISIC_0010058,0.886,0.0
ISIC_0010059,0.783,0.0
ISIC_0010060,0.798,0.0
ISIC_0010061,0.879,0.0
ISIC_0010062,0.85,0.0
ISIC_0010063,0.86,0.0
ISIC_0010064,0.883,0.0
ISIC_0010066,0.838,0.0
ISIC_0010067,0.669,1.0
ISIC_0010069,0.88,0.0
ISIC_0010070,0.853,0.0
ISIC_0010074,0.871,0.0
ISIC_0010075,0.896,0.0
ISIC_0010077,0.915,0.0
ISIC_0010078,0.87,0.0
ISIC_0010080,0.898,1.0
ISIC_0010081,0.914,1.0
ISIC_0010086,0.784,0.0
ISIC_0010087,0.837,0.0
ISIC_0010088,0.905,0.0
ISIC_0010089,0.904,1.0
ISIC_0010090,0.924,0.0
ISIC_0010092,0.924,0.0
ISIC_0010093,0.718,0.0
ISIC_0010094,0.829,1.0
ISIC_0010100,0.858,0.0
ISIC_0010102,0.895,0.0
ISIC_0010104,0.865,0.0
ISIC_0010105,0.935,0.0
ISIC_0010168,0.807,0.0
ISIC_0010170,0.845,0.0
ISIC_0010171,0.898,1.0
ISIC_0010173,0.899,0.0
ISIC_0010174,0.915,1.0
ISIC_0010176,0.812,0.0
ISIC_0010177,0.882,0.0
ISIC_0010178,0.891,0.0
ISIC_0010180,0.895,0.0
ISIC_0010182,0.567,0.0
ISIC_0010184,0.642,0.0
ISIC_0010185,0.753,0.0
ISIC_0010186,0.863,0.0
ISIC_0010187,0.832,0.0
ISIC_0010191,0.706,0.0
ISIC_0010192,0.835,0.0
ISIC_0010193,0.909,0.0
ISIC_0010194,0.884,1.0
ISIC_0010201,0.855,0.0
ISIC_0010202,0.87,0.0
ISIC_0010205,0.941,0.0
ISIC_0010206,0.856,0.0
ISIC_0010207,0.861,1.0
ISIC_0010212,0.851,0.0
ISIC_0010213,0.911,0.0
ISIC_0010215,0.885,0.0
ISIC_0010216,0.916,0.0
ISIC_0010219,0.906,0.0
ISIC_0010220,0.883,0.0
ISIC_0010222,0.834,0.0
ISIC_0010225,0.897,1.0
ISIC_0010227,0.841,0.0
ISIC_0010229,0.793,0.0
ISIC_0010231,0.842,1.0
ISIC_0010233,0.842,0.0
ISIC_0010234,0.853,0.0
ISIC_0010236,0.71,0.0
ISIC_0010237,0.804,0.0
ISIC_0010240,0.792,1.0
ISIC_0010241,0.91,1.0
ISIC_0010244,0.789,0.0
ISIC_0010246,0.743,0.0
ISIC_0010247,0.86,0.0
ISIC_0010248,0.921,0.0
ISIC_0010249,0.862,0.0
ISIC_0010251,0.823,1.0
ISIC_0010254,0.924,0.0
ISIC_0010255,0.93,0.0
ISIC_0010256,0.941,0.0
ISIC_0010257,0.923,0.0
ISIC_0010261,0.767,0.0
ISIC_0010262,0.911,0.0
ISIC_0010264,0.839,0.0
ISIC_0010265,0.819,1.0
ISIC_0010267,0.85,1.0
ISIC_0010317,0.908,0.0
ISIC_0010318,0.883,0.0
ISIC_0010320,0.848,0.0
ISIC_0010326,0.843,0.0
ISIC_0010327,0.932,0.0
ISIC_0010329,0.829,1.0
ISIC_0010330,0.74,0.0
ISIC_0010332,0.855,0.0
ISIC_0010333,0.831,0.0
ISIC_0010334,0.854,0.0
ISIC_0010336,0.887,0.0
ISIC_0010337,0.9,0.0
ISIC_0010339,0.783,0.0
ISIC_0010340,0.676,0.0
ISIC_0010341,0.768,0.0
ISIC_0010342,0.771,0.0
ISIC_0010344,0.828,0.0
ISIC_0010346,0.964,0.0
ISIC_0010348,0.855,0.0
ISIC_0010350,0.925,1.0
ISIC_0010351,0.883,0.0
ISIC_0010356,0.913,0.0
ISIC_0010357,0.893,0.0
ISIC_0010358,0.839,1.0
ISIC_0010360,0.792,1.0
ISIC_0010362,0.842,0.0
ISIC_0010364,0.796,1.0
ISIC_0010365,0.776,0.0
ISIC_0010367,0.929,0.0
ISIC_0010368,0.81,0.0
ISIC_0010370,0.946,0.0
ISIC_0010371,0.794,0.0
ISIC_0010372,0.864,1.0
ISIC_0010374,0.834,0.0
ISIC_0010379,0.892,1.0
ISIC_0010382,0.878,0.0
ISIC_0010435,0.713,0.0
ISIC_0010441,0.957,1.0
ISIC_0010442,0.942,0.0
ISIC_0010443,0.906,0.0
ISIC_0010444,0.809,0.0
ISIC_0010447,0.878,0.0
ISIC_0010448,0.913,0.0
ISIC_0010449,0.905,0.0
ISIC_0010452,0.817,0.0
ISIC_0010455,0.738,0.0
ISIC_0010456,0.916,0.0
ISIC_0010458,0.851,0.0
ISIC_0010460,0.958,0.0
ISIC_0010461,0.839,0.0
ISIC_0010463,0.738,0.0
ISIC_0010465,0.696,0.0
ISIC_0010466,0.863,1.0
ISIC_0010467,0.892,0.0
ISIC_0010468,0.814,1.0
ISIC_0010471,0.921,0.0
ISIC_0010472,0.884,0.0
ISIC_0010473,0.699,0.0
ISIC_0010474,0.782,0.0
ISIC_0010475,0.832,0.0
ISIC_0010476,0.791,1.0
ISIC_0010477,0.859,0.0
ISIC_0010479,0.849,0.0
ISIC_0010480,0.851,0.0
ISIC_0010481,0.864,0.0
ISIC_0010483,0.851,0.0
ISIC_0010487,0.673,0.0
ISIC_0010488,0.837,0.0
ISIC_0010490,0.928,0.0
ISIC_0010492,0.859,0.0
ISIC_0010493,0.91,0.0
ISIC_0010494,0.839,0.0
ISIC_0010497,0.916,0.0
ISIC_0010498,0.95,0.0
ISIC_0010552,0.765,0.0
ISIC_0010553,0.687,0.0
ISIC_0010554,0.645,0.0
ISIC_0010557,0.914,0.0
ISIC_0010558,0.801,0.0
ISIC_0010562,0.918,0.0
ISIC_0010565,0.896,0.0
ISIC_0010566,0.892,0.0
ISIC_0010567,0.866,0.0
ISIC_0010568,0.804,0.0
ISIC_0010569,0.87,0.0
ISIC_0010570,0.706,0.0
ISIC_0010571,0.929,0.0
ISIC_0010573,0.849,0.0
ISIC_0010574,0.733,0.0
ISIC_0010575,0.932,0.0
ISIC_0010581,0.815,0.0
ISIC_0010582,0.861,0.0
ISIC_0010584,0.903,0.0
ISIC_0010585,0.911,0.0
ISIC_0010586,0.831,0.0
ISIC_0010587,0.783,1.0
ISIC_0010588,0.853,0.0
ISIC_0010589,0.878,0.0
ISIC_0010590,0.905,0.0
ISIC_0010591,0.187,1.0
ISIC_0010592,0.877,0.0
ISIC_0010593,0.943,0.0
ISIC_0010595,0.909,0.0
ISIC_0010596,0.889,1.0
ISIC_0010597,0.904,1.0
ISIC_0010598,0.958,0.0
ISIC_0010599,0.834,0.0
ISIC_0010602,0.815,0.0
ISIC_0010603,0.748,0.0
ISIC_0010606,0.789,0.0
ISIC_0010607,0.844,0.0
ISIC_0010844,0.912,0.0
ISIC_0010846,0.951,0.0
ISIC_0010847,0.91,0.0
ISIC_0010848,0.912,0.0
ISIC_0010850,0.938,0.0
ISIC_0010851,0.754,0.0
ISIC_0010852,0.815,1.0
ISIC_0010853,0.845,0.0
ISIC_0010854,0.88,0.0
ISIC_0010856,0.805,0.0
ISIC_0010857,0.883,0.0
ISIC_0010858,0.934,0.0
ISIC_0010860,0.884,1.0
ISIC_0010861,0.869,0.0
ISIC_0010862,0.956,1.0
ISIC_0010863,0.851,1.0
ISIC_0010864,0.769,0.0
ISIC_0011079,0.78,0.0
ISIC_0011082,0.862,0.0
ISIC_0011083,0.937,0.0
ISIC_0011085,0.894,0.0
ISIC_0011088,0.863,0.0
ISIC_0011089,0.93,0.0
ISIC_0011090,0.849,0.0
ISIC_0011095,0.826,1.0
ISIC_0011097,0.846,0.0
ISIC_0011098,0.821,0.0
ISIC_0011099,0.655,1.0
ISIC_0011101,0.941,0.0
ISIC_0011102,0.936,0.0
ISIC_0011107,0.944,0.0
ISIC_0011110,0.875,0.0
ISIC_0011112,0.887,1.0
ISIC_0011114,0.923,0.0
ISIC_0011115,0.888,0.0
ISIC_0011117,0.891,0.0
ISIC_0011118,0.856,1.0
ISIC_0011119,0.862,0.0
ISIC_0011121,0.82,1.0
ISIC_0011123,0.874,0.0
ISIC_0011124,0.843,0.0
ISIC_0011126,0.783,1.0
ISIC_0011127,0.884,0.0
ISIC_0011130,0.81,1.0
ISIC_0011131,0.838,0.0
ISIC_0011132,0.926,1.0
ISIC_0011135,0.841,1.0
ISIC_0011136,0.852,1.0
ISIC_0011137,0.819,1.0
ISIC_0011140,0.818,1.0
ISIC_0011143,0.838,0.0
ISIC_0011144,0.85,0.0
ISIC_0011145,0.959,0.0
ISIC_0011146,0.926,0.0
ISIC_0011155,0.824,0.0
ISIC_0011157,0.908,0.0
ISIC_0011158,0.906,1.0
ISIC_0011159,0.856,0.0
ISIC_0011161,0.773,1.0
ISIC_0011162,0.846,0.0
ISIC_0011163,0.823,1.0
ISIC_0011164,0.826,0.0
ISIC_0011165,0.765,0.0
ISIC_0011166,0.234,1.0
ISIC_0011167,0.87,0.0
ISIC_0011168,0.899,0.0
ISIC_0011169,0.775,1.0
ISIC_0011170,0.727,0.0
ISIC_0011171,0.854,0.0
ISIC_0011173,0.849,0.0
ISIC_0011176,0.877,1.0
ISIC_0011177,0.921,0.0
ISIC_0011199,0.88,0.0
ISIC_0011203,0.856,0.0
ISIC_0011204,0.822,0.0
ISIC_0011205,0.936,0.0
ISIC_0011207,0.945,0.0
ISIC_0011208,0.657,0.0
ISIC_0011210,0.802,1.0
ISIC_0011211,0.785,0.0
ISIC_0011212,0.733,0.0
ISIC_0011213,0.877,0.0
ISIC_0011214,0.812,0.0
ISIC_0011215,0.828,0.0
ISIC_0011217,0.912,0.0
ISIC_0011218,0.957,0.0
ISIC_0011219,0.84,0.0
ISIC_0011220,0.884,0.0
ISIC_0011223,0.855,0.0
ISIC_0011224,0.791,0.0
ISIC_0011225,0.768,0.0
ISIC_0011227,0.914,0.0
ISIC_0011229,0.782,0.0
ISIC_0011230,0.787,0.0
ISIC_0011292,0.848,0.0
ISIC_0011294,0.748,0.0
ISIC_0011296,0.903,0.0
ISIC_0011297,0.813,0.0
ISIC_0011298,0.882,0.0
ISIC_0011300,0.874,0.0
ISIC_0011303,0.862,0.0
ISIC_0011304,0.827,0.0
ISIC_0011305,0.719,1.0
ISIC_0011306,0.615,0.0
ISIC_0011310,0.923,0.0
ISIC_0011315,0.844,1.0
ISIC_0011317,0.887,0.0
ISIC_0011321,0.816,0.0
ISIC_0011322,0.728,0.0
ISIC_0011324,0.805,0.0
ISIC_0011326,0.676,0.0
ISIC_0011327,0.656,0.0
ISIC_0011328,0.84,0.0
ISIC_0011330,0.838,0.0
ISIC_0011333,0.865,0.0
ISIC_0011336,0.878,0.0
ISIC_0011338,0.839,0.0
ISIC_0011339,0.813,0.0
ISIC_0011343,0.85,0.0
ISIC_0011344,0.867,1.0
ISIC_0011345,0.686,0.0
ISIC_0011347,0.819,0.0
ISIC_0011348,0.87,1.0
ISIC_0011349,0.858,1.0
ISIC_0011352,0.798,0.0
ISIC_0011353,0.852,0.0
ISIC_0011358,0.825,0.0
ISIC_0011359,0.84,0.0
ISIC_0011361,0.806,0.0
ISIC_0011362,0.739,0.0
ISIC_0011363,0.858,0.0
ISIC_0011366,0.891,1.0
ISIC_0011367,0.957,0.0
ISIC_0011372,0.856,0.0
ISIC_0011382,0.878,0.0
ISIC_0011384,0.749,0.0
ISIC_0011386,0.947,0.0
ISIC_0011387,0.884,1.0
ISIC_0011393,0.825,0.0
ISIC_0011397,0.762,0.0
ISIC_0011398,0.901,0.0
ISIC_0011402,0.831,0.0
ISIC_0012089,0.77,0.0
ISIC_0012090,0.844,0.0
ISIC_0012094,0.889,0.0
ISIC_0012097,0.852,0.0
ISIC_0012102,0.84,0.0
ISIC_0012103,0.917,0.0
ISIC_0012105,0.881,0.0
ISIC_0012107,0.799,0.0
ISIC_0012108,0.896,0.0
ISIC_0012116,0.82,0.0
ISIC_0012117,0.824,0.0
ISIC_0012118,0.847,0.0
ISIC_0012135,0.351,0.0
ISIC_0012137,0.833,1.0
ISIC_0012141,0.879,0.0
ISIC_0012148,0.691,0.0
ISIC_0012150,0.944,0.0
ISIC_0012155,0.828,0.0
ISIC_0012156,0.744,0.0
ISIC_0012164,0.77,0.0
ISIC_0012167,0.863,0.0
ISIC_0012170,0.916,0.0
ISIC_0012172,0.785,0.0
ISIC_0012173,0.846,0.0
ISIC_0012175,0.814,0.0
ISIC_0012177,0.856,0.0
ISIC_0012179,0.163,0.0
ISIC_0012182,0.872,0.0
ISIC_0012183,0.924,0.0
ISIC_0012187,0.86,0.0
ISIC_0012203,0.875,0.0
ISIC_0012205,0.843,0.0
ISIC_0012208,0.89,1.0
ISIC_0012209,0.924,0.0
ISIC_0012211,0.89,0.0
ISIC_0012212,0.796,0.0
ISIC_0012213,0.829,0.0
ISIC_0012214,0.845,0.0
ISIC_0012217,0.781,0.0
ISIC_0012224,0.931,0.0
ISIC_0012227,0.916,0.0
ISIC_0012228,0.859,0.0
ISIC_0012230,0.864,0.0
ISIC_0012232,0.831,0.0
ISIC_0012233,0.951,0.0
ISIC_0012235,0.893,0.0
ISIC_0012237,0.729,0.0
ISIC_0012238,0.95,0.0
ISIC_0012245,0.942,0.0
ISIC_0012246,0.954,0.0
ISIC_0012250,0.92,0.0
ISIC_0012253,0.833,0.0
ISIC_0012257,0.857,0.0
ISIC_0012259,0.846,0.0
ISIC_0012260,0.9,0.0
ISIC_0012261,0.885,0.0
ISIC_0012263,0.845,0.0
ISIC_0012268,0.222,0.0
ISIC_0012271,0.8,0.0
ISIC_0012274,0.698,0.0
ISIC_0012278,0.361,0.0
ISIC_0012281,0.351,0.0
ISIC_0012282,0.846,0.0
ISIC_0012284,0.854,0.0
ISIC_0012285,0.32,0.0
ISIC_0012290,0.903,1.0
ISIC_0012291,0.853,0.0
ISIC_0012294,0.833,0.0
ISIC_0012298,0.812,1.0
ISIC_0012299,0.927,0.0
ISIC_0012303,0.861,0.0
ISIC_0012309,0.808,0.0
ISIC_0012311,0.775,0.0
ISIC_0012318,0.805,0.0
ISIC_0012320,0.86,0.0
ISIC_0012322,0.791,0.0
ISIC_0012324,0.906,0.0
ISIC_0012325,0.773,0.0
ISIC_0012329,0.934,0.0
ISIC_0012332,0.929,0.0
ISIC_0012333,0.813,0.0
ISIC_0012334,0.887,0.0
ISIC_0012338,0.838,0.0
ISIC_0012339,0.757,0.0
ISIC_0012342,0.874,0.0
ISIC_0012348,0.771,1.0
ISIC_0012351,0.864,0.0
ISIC_0012359,0.852,0.0
ISIC_0012360,0.751,0.0
ISIC_0012363,0.312,0.0
ISIC_0012374,0.701,0.0
ISIC_0012376,0.839,0.0
ISIC_0012377,0.926,0.0
ISIC_0012378,0.782,0.0
ISIC_0012379,0.941,0.0
ISIC_0012381,0.807,0.0
ISIC_0012382,0.938,1.0
ISIC_0012384,0.902,0.0
ISIC_0012386,0.908,0.0
ISIC_0012390,0.652,0.0
ISIC_0012391,0.265,1.0
ISIC_0012397,0.869,0.0
ISIC_0012406,0.922,0.0
ISIC_0012413,0.932,0.0
ISIC_0012415,0.891,0.0
ISIC_0012416,0.834,0.0
ISIC_0012433,0.842,0.0
ISIC_0012435,0.914,1.0
ISIC_0012442,0.939,0.0
ISIC_0012445,0.284,0.0
ISIC_0012450,0.797,1.0
ISIC_0012452,0.773,0.0
ISIC_0012453,0.865,0.0
ISIC_0012455,0.822,0.0
ISIC_0012459,0.953,0.0
ISIC_0012460,0.911,0.0
ISIC_0012464,0.926,0.0
ISIC_0012469,0.884,0.0
ISIC_0012473,0.734,0.0
ISIC_0012475,0.829,0.0
ISIC_0012478,0.91,0.0
ISIC_0012481,0.373,0.0
ISIC_0012487,0.212,0.0
ISIC_0012489,0.882,0.0
ISIC_0012494,0.909,0.0
ISIC_0012495,0.877,0.0
ISIC_0012496,0.864,0.0
ISIC_0012501,0.884,0.0
ISIC_0012503,0.857,0.0
ISIC_0012506,0.923,0.0
ISIC_0012508,0.828,0.0
ISIC_0012511,0.785,0.0
ISIC_0012512,0.694,1.0
ISIC_0012516,0.89,0.0
ISIC_0012517,0.911,0.0
ISIC_0012518,0.706,0.0
ISIC_0012520,0.84,0.0
ISIC_0012521,0.85,0.0
ISIC_0012523,0.243,0.0
ISIC_0012526,0.916,0.0
ISIC_0012527,0.695,0.0
ISIC_0012529,0.896,0.0
ISIC_0012539,0.924,0.0
ISIC_0012543,0.936,0.0
ISIC_0012544,0.925,0.0
ISIC_0012549,0.884,0.0
ISIC_0012550,0.787,0.0
ISIC_0012653,0.827,0.0
ISIC_0012655,0.911,0.0
ISIC_0012657,0.951,0.0
ISIC_0012658,0.892,0.0
ISIC_0012659,0.851,0.0
ISIC_0012661,0.845,0.0
ISIC_0012662,0.789,0.0
ISIC_0012663,0.912,0.0
ISIC_0012664,0.906,0.0
ISIC_0012665,0.844,0.0
ISIC_0012666,0.935,0.0
ISIC_0012669,0.868,0.0
ISIC_0012670,0.343,0.0
ISIC_0012671,0.339,0.0
ISIC_0012672,0.754,0.0
ISIC_0012673,0.751,0.0
ISIC_0012674,0.785,0.0
ISIC_0012675,0.855,0.0
ISIC_0012676,0.929,0.0
ISIC_0012677,0.906,0.0
ISIC_0012678,0.854,1.0
ISIC_0012679,0.893,0.0
ISIC_0012680,0.914,0.0
ISIC_0012681,0.894,0.0
ISIC_0012682,0.893,0.0
ISIC_0012683,0.909,0.0
ISIC_0012685,0.924,0.0
ISIC_0012690,0.807,0.0
ISIC_0012692,0.924,0.0
ISIC_0012693,0.893,0.0
ISIC_0012696,0.903,0.0
ISIC_0012697,0.814,0.0
ISIC_0012699,0.95,0.0
ISIC_0012700,0.281,0.0
ISIC_0012701,0.852,1.0
ISIC_0012702,0.907,0.0
ISIC_0012704,0.941,0.0
ISIC_0012706,0.89,0.0
ISIC_0012709,0.658,0.0
ISIC_0012710,0.876,0.0
ISIC_0012711,0.895,0.0
ISIC_0012713,0.317,0.0
ISIC_0012715,0.738,1.0
ISIC_0012719,0.902,0.0
ISIC_0012721,0.89,0.0
ISIC_0012725,0.913,0.0
ISIC_0012726,0.852,0.0
ISIC_0012735,0.894,0.0
ISIC_0012737,0.901,0.0
ISIC_0012739,0.937,0.0
ISIC_0012740,0.288,0.0
ISIC_0012741,0.939,0.0
ISIC_0012742,0.818,0.0
ISIC_0012744,0.931,0.0
ISIC_0012749,0.867,1.0
ISIC_0012756,0.866,1.0
ISIC_0012768,0.88,0.0
ISIC_0012770,0.887,0.0
ISIC_0012772,0.845,0.0
ISIC_0012773,0.691,0.0
ISIC_0012777,0.948,0.0
ISIC_0012785,0.865,0.0
ISIC_0012787,0.882,0.0
ISIC_0012788,0.86,0.0
ISIC_0012789,0.314,0.0
ISIC_0012790,0.847,0.0
ISIC_0012792,0.808,0.0
ISIC_0012793,0.751,0.0
ISIC_0012800,0.822,0.0
ISIC_0012804,0.805,0.0
ISIC_0012806,0.909,0.0
ISIC_0012810,0.288,0.0
ISIC_0012811,0.946,0.0
ISIC_0012813,0.913,0.0
ISIC_0012814,0.805,0.0
ISIC_0012823,0.895,0.0
ISIC_0012826,0.925,0.0
ISIC_0012827,0.852,0.0
ISIC_0012828,0.765,0.0
ISIC_0012833,0.878,0.0
ISIC_0012835,0.847,0.0
ISIC_0012840,0.892,0.0
ISIC_0012844,0.817,0.0
ISIC_0012845,0.929,0.0
ISIC_0012851,0.898,0.0
ISIC_0012854,0.832,0.0
ISIC_0012855,0.832,0.0
ISIC_0012856,0.875,0.0
ISIC_0012865,0.841,0.0
ISIC_0012871,0.895,0.0
ISIC_0012873,0.889,0.0
ISIC_0012877,0.931,0.0
ISIC_0012878,0.879,0.0
ISIC_0012879,0.805,0.0
ISIC_0012880,0.349,0.0
ISIC_0012883,0.901,0.0
ISIC_0012884,0.808,0.0
ISIC_0012887,0.887,1.0
ISIC_0012888,0.926,0.0
ISIC_0012889,0.888,0.0
ISIC_0012891,0.838,0.0
ISIC_0012897,0.85,0.0
ISIC_0012898,0.895,0.0
ISIC_0012901,0.902,0.0
ISIC_0012902,0.916,0.0
ISIC_0012905,0.841,0.0
ISIC_0012907,0.92,0.0
ISIC_0012911,0.86,0.0
ISIC_0012930,0.796,1.0
ISIC_0012932,0.67,0.0
ISIC_0012939,0.784,0.0
ISIC_0012940,0.817,0.0
ISIC_0012944,0.919,0.0
ISIC_0012945,0.324,0.0
ISIC_0012949,0.886,0.0
ISIC_0012950,0.923,0.0
ISIC_0012952,0.725,0.0
ISIC_0012957,0.899,0.0
ISIC_0012961,0.889,0.0
ISIC_0012962,0.931,0.0
ISIC_0012966,0.272,0.0
ISIC_0012969,0.828,0.0
ISIC_0012970,0.901,0.0
ISIC_0012976,0.926,0.0
ISIC_0012981,0.296,0.0
ISIC_0012982,0.898,0.0
ISIC_0012986,0.943,0.0
ISIC_0012987,0.768,0.0
ISIC_0012988,0.885,1.0
ISIC_0012990,0.883,1.0
ISIC_0012998,0.913,0.0
ISIC_0012999,0.648,0.0
ISIC_0013000,0.896,0.0
ISIC_0013001,0.938,0.0
ISIC_0013007,0.91,0.0
ISIC_0013012,0.872,0.0
ISIC_0013014,0.886,0.0
ISIC_0013015,0.873,0.0
ISIC_0013023,0.891,0.0
ISIC_0013024,0.937,0.0
ISIC_0013025,0.915,0.0
ISIC_0013026,0.832,0.0
ISIC_0013027,0.709,0.0
ISIC_0013031,0.831,0.0
ISIC_0013032,0.912,0.0
ISIC_0013033,0.744,0.0
ISIC_0013034,0.858,0.0
ISIC_0013037,0.903,0.0
ISIC_0013039,0.889,0.0
ISIC_0013040,0.834,0.0
ISIC_0013044,0.888,0.0
ISIC_0013047,0.894,0.0
ISIC_0013048,0.923,0.0
ISIC_0013052,0.915,0.0
ISIC_0013053,0.893,0.0
ISIC_0013054,0.85,0.0
ISIC_0013055,0.833,0.0
ISIC_0013056,0.811,0.0
ISIC_0013059,0.923,0.0
ISIC_0013063,0.926,0.0
ISIC_0013065,0.312,0.0
ISIC_0013071,0.93,0.0
ISIC_0013075,0.896,0.0
ISIC_0013079,0.909,1.0
ISIC_0013080,0.928,0.0
ISIC_0013084,0.744,0.0
ISIC_0013086,0.933,0.0
ISIC_0013087,0.365,0.0
ISIC_0013088,0.811,0.0
ISIC_0013089,0.888,0.0
ISIC_0013090,0.91,0.0
ISIC_0013092,0.825,0.0
ISIC_0013094,0.887,0.0
ISIC_0013096,0.292,0.0
ISIC_0013097,0.946,0.0
ISIC_0013106,0.769,0.0
ISIC_0013112,0.923,0.0
ISIC_0013114,0.925,0.0
ISIC_0013118,0.861,0.0
ISIC_0013120,0.863,0.0
ISIC_0013121,0.877,0.0
ISIC_0013124,0.934,0.0
ISIC_0013126,0.849,0.0
ISIC_0013129,0.96,0.0
ISIC_0013134,0.868,0.0
ISIC_0013136,0.948,0.0
ISIC_0013140,0.911,0.0
ISIC_0013141,0.924,1.0
ISIC_0013146,0.744,0.0
ISIC_0013147,0.756,0.0
ISIC_0013150,0.948,0.0
ISIC_0013155,0.902,0.0
ISIC_0013160,0.858,0.0
ISIC_0013163,0.333,0.0
ISIC_0013165,0.719,0.0
ISIC_0013166,0.906,0.0
ISIC_0013167,0.798,0.0
ISIC_0013172,0.791,0.0
ISIC_0013173,0.928,0.0
ISIC_0013174,0.902,0.0
ISIC_0013177,0.927,0.0
ISIC_0013178,0.736,0.0
ISIC_0013181,0.876,0.0
ISIC_0013184,0.865,1.0
ISIC_0013187,0.793,0.0
ISIC_0013189,0.856,0.0
ISIC_0013190,0.827,0.0
ISIC_0013192,0.934,0.0
ISIC_0013193,0.731,0.0
ISIC_0013196,0.904,0.0
ISIC_0013197,0.874,0.0
ISIC_0013198,0.798,1.0
ISIC_0013200,0.841,0.0
ISIC_0013201,0.894,0.0
ISIC_0013204,0.281,0.0
ISIC_0013205,0.929,0.0
ISIC_0013207,0.852,0.0
ISIC_0013208,0.87,0.0
ISIC_0013212,0.839,0.0
ISIC_0013213,0.921,0.0
ISIC_0013217,0.322,0.0
ISIC_0013219,0.905,0.0
ISIC_0013220,0.871,0.0
ISIC_0013222,0.929,0.0
ISIC_0013223,0.935,0.0
ISIC_0013224,0.887,0.0
ISIC_0013227,0.912,0.0
ISIC_0013229,0.888,0.0
ISIC_0013233,0.269,0.0
ISIC_0013235,0.774,0.0
ISIC_0013236,0.35,0.0
ISIC_0013238,0.872,0.0
ISIC_0013243,0.851,0.0
ISIC_0013244,0.695,0.0
ISIC_0013248,0.952,0.0
ISIC_0013249,0.912,0.0
ISIC_0013257,0.883,0.0
ISIC_0013258,0.863,1.0
ISIC_0013268,0.918,0.0
ISIC_0013274,0.859,0.0
ISIC_0013275,0.95,0.0
ISIC_0013287,0.869,0.0
ISIC_0013288,0.84,0.0
ISIC_0013294,0.863,0.0
ISIC_0013302,0.379,0.0
ISIC_0013304,0.921,0.0
ISIC_0013306,0.908,0.0
ISIC_0013310,0.93,0.0
ISIC_0013311,0.958,0.0
ISIC_0013314,0.905,0.0
ISIC_0013315,0.946,0.0
ISIC_0013316,0.921,0.0
ISIC_0013320,0.947,0.0
ISIC_0013326,0.891,0.0
ISIC_0013329,0.949,0.0
ISIC_0013330,0.887,0.0
ISIC_0013333,0.889,0.0
ISIC_0013334,0.894,1.0
ISIC_0013335,0.92,0.0
ISIC_0013340,0.226,0.0
ISIC_0013341,0.927,0.0
ISIC_0013342,0.872,0.0
ISIC_0013346,0.852,0.0
ISIC_0013355,0.861,0.0
ISIC_0013356,0.241,0.0
ISIC_0013359,0.913,1.0
ISIC_0013360,0.935,0.0
ISIC_0013364,0.898,0.0
ISIC_0013365,0.968,1.0
ISIC_0013369,0.26,0.0
ISIC_0013370,0.88,0.0
ISIC_0013371,0.724,0.0
ISIC_0013378,0.808,0.0
ISIC_0013383,0.911,0.0
ISIC_0013385,0.813,0.0
ISIC_0013390,0.937,0.0
ISIC_0013394,0.926,0.0
ISIC_0013395,0.867,0.0
ISIC_0013397,0.946,0.0
ISIC_0013398,0.265,0.0
ISIC_0013400,0.886,0.0
ISIC_0013403,0.896,0.0
ISIC_0013405,0.937,0.0
ISIC_0013409,0.912,0.0
ISIC_0013410,0.828,0.0
ISIC_0013417,0.905,0.0
ISIC_0013423,0.897,0.0
ISIC_0013424,0.978,0.0
ISIC_0013425,0.828,0.0
ISIC_0013427,0.839,1.0
ISIC_0013428,0.841,0.0
ISIC_0013429,0.934,1.0
ISIC_0013430,0.93,0.0
ISIC_0013432,0.834,0.0
ISIC_0013433,0.94,0.0
ISIC_0013434,0.289,0.0
ISIC_0013437,0.884,0.0
ISIC_0013438,0.933,0.0
ISIC_0013443,0.952,0.0
ISIC_0013456,0.309,0.0
ISIC_0013458,0.919,0.0
ISIC_0013461,0.874,0.0
ISIC_0013474,0.324,0.0
ISIC_0013480,0.881,0.0
ISIC_0013486,0.827,0.0
ISIC_0013487,0.139,0.0
ISIC_0013488,0.938,0.0
ISIC_0013489,0.84,0.0
ISIC_0013490,0.785,1.0
ISIC_0013492,0.877,0.0
ISIC_0013493,0.244,0.0
ISIC_0013494,0.782,0.0
ISIC_0013495,0.694,0.0
ISIC_0013497,0.903,1.0
ISIC_0013498,0.797,0.0
ISIC_0013499,0.86,1.0
ISIC_0013500,0.799,1.0
ISIC_0013516,0.939,0.0
ISIC_0013517,0.81,0.0
ISIC_0013523,0.877,0.0
ISIC_0013525,0.567,1.0
ISIC_0013526,0.301,0.0
ISIC_0013530,0.942,1.0
ISIC_0013552,0.249,0.0
ISIC_0013553,0.902,0.0
ISIC_0013554,0.898,0.0
ISIC_0013558,0.858,0.0
ISIC_0013559,0.854,0.0
ISIC_0013567,0.891,1.0
ISIC_0013568,0.815,0.0
ISIC_0013572,0.794,1.0
ISIC_0013573,0.295,1.0
ISIC_0013578,0.572,1.0
ISIC_0013579,0.773,1.0
ISIC_0013580,0.925,0.0
ISIC_0013581,0.751,1.0
ISIC_0013584,0.857,0.0
ISIC_0013585,0.841,0.0
ISIC_0013592,0.897,0.0
ISIC_0013594,0.903,1.0
ISIC_0013595,0.216,0.0
ISIC_0013596,0.817,0.0
ISIC_0013597,0.876,0.0
ISIC_0013599,0.819,0.0
ISIC_0013601,0.751,0.0
ISIC_0013603,0.936,0.0
ISIC_0013606,0.824,1.0
ISIC_0013610,0.883,1.0
ISIC_0013618,0.197,1.0
ISIC_0013621,0.831,0.0
ISIC_0013625,0.883,0.0
ISIC_0013626,0.825,1.0
ISIC_0013634,0.91,1.0
ISIC_0013635,0.907,0.0
ISIC_0013639,0.867,1.0
ISIC_0013643,0.885,0.0
ISIC_0013652,0.776,1.0
ISIC_0013656,0.943,0.0
ISIC_0013664,0.159,0.0
ISIC_0013667,0.85,0.0
ISIC_0013670,0.318,0.0
ISIC_0013671,0.885,1.0
ISIC_0013672,0.703,1.0
ISIC_0013674,0.733,1.0
ISIC_0013675,0.857,0.0
ISIC_0013676,0.914,0.0
ISIC_0013680,0.876,0.0
ISIC_0013682,0.808,0.0
ISIC_0013684,0.904,0.0
ISIC_0013685,0.868,0.0
ISIC_0013687,0.882,0.0
ISIC_0013688,0.745,0.0
ISIC_0013689,0.9,0.0
ISIC_0013690,0.904,0.0
ISIC_0013691,0.902,0.0
ISIC_0013695,0.782,0.0
ISIC_0013706,0.82,0.0
ISIC_0013707,0.85,0.0
ISIC_0013709,0.851,0.0
ISIC_0013712,0.947,0.0
ISIC_0013713,0.891,0.0
ISIC_0013719,0.824,0.0
ISIC_0013721,0.877,0.0
ISIC_0013725,0.91,0.0
ISIC_0013731,0.848,0.0
ISIC_0013737,0.915,0.0
ISIC_0013740,0.88,1.0
ISIC_0013742,0.909,0.0
ISIC_0013747,0.932,0.0
ISIC_0013748,0.911,0.0
ISIC_0013749,0.882,0.0
ISIC_0013758,0.787,0.0
ISIC_0013762,0.612,1.0
ISIC_0013765,0.9,0.0
ISIC_0013772,0.881,0.0
ISIC_0013775,0.952,1.0
ISIC_0013777,0.703,1.0
ISIC_0013778,0.568,0.0
ISIC_0013782,0.837,0.0
ISIC_0013783,0.899,1.0
ISIC_0013789,0.849,0.0
ISIC_0013792,0.941,0.0
ISIC_0013795,0.856,0.0
ISIC_0013796,0.853,0.0
ISIC_0013797,0.896,0.0
ISIC_0013798,0.905,0.0
ISIC_0013799,0.31,0.0
ISIC_0013800,0.855,0.0
ISIC_0013801,0.193,0.0
ISIC_0013802,0.865,0.0
ISIC_0013803,0.848,0.0
ISIC_0013804,0.9,0.0
ISIC_0013805,0.901,0.0
ISIC_0013806,0.944,0.0
ISIC_0013807,0.92,0.0
ISIC_0013808,0.273,0.0
ISIC_0013815,0.919,1.0
ISIC_0013816,0.84,0.0
ISIC_0013817,0.94,0.0
ISIC_0013819,0.863,0.0
ISIC_0013830,0.92,0.0
ISIC_0013831,0.814,1.0
ISIC_0013832,0.826,1.0
ISIC_0013835,0.836,0.0
ISIC_0013836,0.878,0.0
ISIC_0013837,0.883,0.0
ISIC_0013839,0.904,1.0
ISIC_0013840,0.925,1.0
ISIC_0013841,0.88,0.0
ISIC_0013843,0.827,0.0
ISIC_0013844,0.876,1.0
ISIC_0013845,0.859,1.0
ISIC_0013861,0.812,1.0
ISIC_0013862,0.853,0.0
ISIC_0013864,0.905,0.0
ISIC_0013865,0.86,1.0
ISIC_0013874,0.811,1.0
ISIC_0013876,0.413,0.0
ISIC_0013879,0.846,0.0
ISIC_0013886,0.329,0.0
ISIC_0013888,0.87,0.0
ISIC_0013890,0.835,0.0
ISIC_0013896,0.794,0.0
ISIC_0013910,0.849,0.0
ISIC_0013918,0.873,0.0
ISIC_0013921,0.774,0.0
ISIC_0013922,0.815,0.0
ISIC_0013927,0.905,0.0
ISIC_0013929,0.804,0.0
ISIC_0013933,0.813,0.0
ISIC_0013935,0.348,0.0
ISIC_0013936,0.894,1.0
ISIC_0013942,0.904,0.0
ISIC_0013946,0.839,0.0
ISIC_0013958,0.761,0.0
ISIC_0013961,0.896,0.0
ISIC_0013962,0.904,0.0
ISIC_0013965,0.95,0.0
ISIC_0013967,0.939,0.0
ISIC_0013969,0.781,1.0
ISIC_0013970,0.893,0.0
ISIC_0013971,0.328,0.0
ISIC_0013972,0.817,1.0
ISIC_0013975,0.862,1.0
ISIC_0013980,0.838,0.0
ISIC_0013981,0.858,0.0
ISIC_0013982,0.927,0.0
ISIC_0013983,0.853,0.0
ISIC_0013984,0.867,1.0
ISIC_0013986,0.842,1.0
ISIC_0013995,0.829,1.0
ISIC_0013996,0.872,0.0
ISIC_0013997,0.897,1.0
ISIC_0014001,0.901,0.0
ISIC_0014004,0.817,0.0
ISIC_0014013,0.925,1.0
ISIC_0014026,0.889,0.0
ISIC_0014028,0.768,0.0
ISIC_0014029,0.817,0.0
ISIC_0014031,0.23,0.0
ISIC_0014032,0.909,0.0
ISIC_0014044,0.892,1.0
ISIC_0014045,0.772,0.0
ISIC_0014046,0.876,0.0
ISIC_0014049,0.755,1.0
ISIC_0014061,0.821,1.0
ISIC_0014062,0.825,1.0
ISIC_0014066,0.643,0.0
ISIC_0014069,0.909,0.0
ISIC_0014072,0.868,1.0
ISIC_0014073,0.164,0.0
ISIC_0014074,0.874,0.0
ISIC_0014076,0.877,1.0
ISIC_0014079,0.807,1.0
ISIC_0014080,0.815,0.0
ISIC_0014081,0.67,0.0
ISIC_0014082,0.745,1.0
ISIC_0014083,0.912,0.0
ISIC_0014088,0.797,1.0
ISIC_0014089,0.312,0.0
ISIC_0014092,0.875,1.0
ISIC_0014093,0.879,0.0
ISIC_0014094,0.274,0.0
ISIC_0014099,0.32,1.0
ISIC_0014108,0.804,1.0
ISIC_0014114,0.886,0.0
ISIC_0014120,0.764,0.0
ISIC_0014127,0.701,1.0
ISIC_0014131,0.854,0.0
ISIC_0014132,0.948,1.0
ISIC_0014133,0.93,1.0
ISIC_0014136,0.852,1.0
ISIC_0014144,0.857,1.0
ISIC_0014149,0.857,0.0
ISIC_0014150,0.877,0.0
ISIC_0014151,0.808,1.0
ISIC_0014156,0.274,1.0
ISIC_0014157,0.761,1.0
ISIC_0014158,0.353,0.0
ISIC_0014163,0.73,1.0
ISIC_0014164,0.787,0.0
ISIC_0014166,0.232,0.0
ISIC_0014169,0.946,0.0
ISIC_0014171,0.737,1.0
ISIC_0014173,0.249,1.0
ISIC_0014174,0.95,0.0
ISIC_0014179,0.911,0.0
ISIC_0014183,0.708,1.0
ISIC_0014185,0.934,0.0
ISIC_0014187,0.807,1.0
ISIC_0014189,0.86,1.0
ISIC_0014190,0.188,1.0
ISIC_0014191,0.832,0.0
ISIC_0014195,0.903,0.0
ISIC_0014197,0.893,0.0
ISIC_0014216,0.774,0.0
ISIC_0014222,0.834,1.0
ISIC_0014225,0.304,0.0
ISIC_0014229,0.954,1.0
ISIC_0014238,0.929,1.0
ISIC_0014248,0.285,0.0
ISIC_0014249,0.695,1.0
ISIC_0014253,0.88,0.0
ISIC_0014263,0.892,0.0
ISIC_0014264,0.938,0.0
ISIC_0014272,0.92,0.0
ISIC_0014273,0.867,0.0
ISIC_0014274,0.944,0.0
ISIC_0014286,0.856,0.0
ISIC_0014289,0.833,1.0
ISIC_0014290,0.925,1.0
ISIC_0014291,0.878,1.0
ISIC_0014299,0.938,0.0
ISIC_0014308,0.913,1.0
ISIC_0014311,0.861,0.0
ISIC_0014316,0.83,1.0
ISIC_0014317,0.848,0.0
ISIC_0014324,0.781,1.0
ISIC_0014325,0.857,1.0
ISIC_0014327,0.844,1.0
ISIC_0014328,0.634,0.0
ISIC_0014331,0.839,1.0
ISIC_0014337,0.695,1.0
ISIC_0014341,0.902,0.0
ISIC_0014346,0.879,0.0
ISIC_0014347,0.714,1.0
ISIC_0014353,0.873,0.0
ISIC_0014357,0.787,1.0
ISIC_0014360,0.794,1.0
ISIC_0014361,0.886,1.0
ISIC_0014365,0.894,0.0
ISIC_0014366,0.716,1.0
ISIC_0014372,0.828,1.0
ISIC_0014385,0.853,1.0
ISIC_0014393,0.963,0.0
ISIC_0014394,0.74,0.0
ISIC_0014395,0.832,1.0
ISIC_0014397,0.873,0.0
ISIC_0014410,0.818,0.0
ISIC_0014422,0.708,1.0
ISIC_0014430,0.858,0.0
ISIC_0014431,0.926,0.0
ISIC_0014432,0.824,0.0
ISIC_0014433,0.764,0.0
ISIC_0014438,0.851,0.0
ISIC_0014440,0.884,0.0
ISIC_0014441,0.897,0.0
ISIC_0014453,0.855,0.0
ISIC_0014458,0.922,0.0
ISIC_0014469,0.938,0.0
ISIC_0014473,0.879,0.0
ISIC_0014475,0.264,0.0
ISIC_0014476,0.752,1.0
ISIC_0014480,0.895,1.0
ISIC_0014486,0.856,1.0
ISIC_0014490,0.258,0.0
ISIC_0014498,0.837,0.0
ISIC_0014501,0.8,1.0
ISIC_0014502,0.864,0.0
ISIC_0014504,0.921,0.0
ISIC_0014507,0.824,1.0
ISIC_0014511,0.835,0.0
ISIC_0014515,0.9,0.0
ISIC_0014516,0.955,0.0
ISIC_0014518,0.835,1.0
ISIC_0014522,0.873,0.0
ISIC_0014525,0.801,1.0
ISIC_0014526,0.902,0.0
ISIC_0014527,0.907,1.0
ISIC_0014529,0.937,0.0
ISIC_0014535,0.924,0.0
ISIC_0014537,0.913,0.0
ISIC_0014543,0.815,1.0
ISIC_0014545,0.953,1.0
ISIC_0014547,0.913,0.0
ISIC_0014554,0.895,0.0
ISIC_0014557,0.564,1.0
ISIC_0014569,0.799,0.0
ISIC_0014570,0.195,0.0
ISIC_0014571,0.908,0.0
ISIC_0014573,0.17,0.0
ISIC_0014576,0.911,0.0
ISIC_0014577,0.864,0.0
ISIC_0014578,0.427,0.0
ISIC_0014579,0.551,0.0
ISIC_0014580,0.665,0.0
ISIC_0014581,0.722,0.0
ISIC_0014582,0.714,0.0
ISIC_0014583,0.394,0.0
ISIC_0014585,0.884,0.0
ISIC_0014589,0.897,0.0
ISIC_0014591,0.856,0.0
ISIC_0014592,0.847,0.0
ISIC_0014593,0.752,0.0
ISIC_0014594,0.915,0.0
ISIC_0014595,0.897,0.0
ISIC_0014596,0.856,0.0
ISIC_0014598,0.545,0.0
ISIC_0014599,0.864,0.0
ISIC_0014602,0.81,0.0
ISIC_0014603,0.143,0.0
ISIC_0014605,0.668,0.0
ISIC_0014606,0.931,0.0
ISIC_0014607,0.796,0.0
ISIC_0014609,0.869,0.0
ISIC_0014612,0.749,0.0
ISIC_0014613,0.816,0.0
ISIC_0014615,0.342,0.0
ISIC_0014617,0.947,0.0
ISIC_0014621,0.771,0.0
ISIC_0014622,0.879,0.0
ISIC_0014625,0.242,0.0
ISIC_0014628,0.563,0.0
ISIC_0014630,0.818,0.0
ISIC_0014632,0.786,0.0
ISIC_0014636,0.875,0.0
ISIC_0014638,0.204,0.0
ISIC_0014639,0.813,0.0
ISIC_0014640,0.827,0.0
ISIC_0014641,0.912,0.0
ISIC_0014642,0.839,0.0
ISIC_0014646,0.281,0.0
ISIC_0014650,0.848,0.0
ISIC_0014651,0.872,0.0
ISIC_0014654,0.198,0.0
ISIC_0014657,0.867,0.0
ISIC_0014658,0.867,0.0
ISIC_0014661,0.875,0.0
ISIC_0014664,0.939,0.0
ISIC_0014665,0.81,0.0
ISIC_0014667,0.942,0.0
ISIC_0014680,0.877,0.0
ISIC_0014682,0.822,0.0
ISIC_0014683,0.821,0.0
ISIC_0014684,0.342,0.0
ISIC_0014685,0.887,0.0
ISIC_0014692,0.85,0.0
ISIC_0014694,0.859,0.0
ISIC_0014696,0.872,0.0
ISIC_0014699,0.869,0.0
ISIC_0014702,0.896,0.0
ISIC_0014707,0.871,0.0
ISIC_0014708,0.892,0.0
ISIC_0014711,0.887,0.0
ISIC_0014713,0.902,0.0
ISIC_0014714,0.889,0.0
ISIC_0014715,0.897,0.0
ISIC_0014716,0.947,0.0
ISIC_0014722,0.897,1.0
ISIC_0014723,0.94,0.0
ISIC_0014724,0.821,0.0
ISIC_0014726,0.882,0.0
ISIC_0014730,0.895,0.0
ISIC_0014731,0.372,0.0
ISIC_0014735,0.891,1.0
ISIC_0014739,0.792,0.0
ISIC_0014742,0.886,0.0
ISIC_0014745,0.867,0.0
ISIC_0014748,0.925,0.0
ISIC_0014754,0.965,0.0
ISIC_0014760,0.805,0.0
ISIC_0014762,0.784,0.0
ISIC_0014763,0.836,0.0
ISIC_0014769,0.929,0.0
ISIC_0014770,0.895,0.0
ISIC_0014771,0.731,0.0
ISIC_0014775,0.835,0.0
ISIC_0014778,0.878,0.0
ISIC_0014779,0.807,0.0
ISIC_0014782,0.797,0.0
ISIC_0014783,0.803,0.0
ISIC_0014785,0.758,0.0
ISIC_0014788,0.235,1.0
ISIC_0014791,0.93,0.0
ISIC_0014793,0.823,0.0
ISIC_0014794,0.27,0.0
ISIC_0014795,0.836,1.0
ISIC_0014797,0.364,0.0
ISIC_0014802,0.376,0.0
ISIC_0014803,0.875,0.0
ISIC_0014804,0.957,0.0
ISIC_0014805,0.814,0.0
ISIC_0014806,0.875,0.0
ISIC_0014808,0.876,0.0
ISIC_0014811,0.922,0.0
ISIC_0014812,0.834,0.0
ISIC_0014818,0.723,0.0
ISIC_0014819,0.81,0.0
ISIC_0014821,0.927,0.0
ISIC_0014823,0.951,0.0
ISIC_0014825,0.9,0.0
ISIC_0014830,0.874,0.0
ISIC_0014831,0.775,0.0
ISIC_0014832,0.8,1.0
ISIC_0014834,0.862,0.0
ISIC_0014836,0.312,0.0
ISIC_0014838,0.836,0.0
ISIC_0014839,0.846,0.0
ISIC_0014843,0.886,0.0
ISIC_0014845,0.927,0.0
ISIC_0014846,0.916,0.0
ISIC_0014848,0.907,0.0
ISIC_0014849,0.862,0.0
ISIC_0014850,0.873,0.0
ISIC_0014851,0.895,0.0
ISIC_0014855,0.785,0.0
ISIC_0014860,0.896,0.0
ISIC_0014866,0.816,0.0
ISIC_0014869,0.898,0.0
ISIC_0014890,0.928,0.0
ISIC_0014891,0.846,1.0
ISIC_0014897,0.919,1.0
ISIC_0014898,0.852,0.0
ISIC_0014903,0.631,0.0
ISIC_0014904,0.872,0.0
ISIC_0014908,0.835,0.0
ISIC_0014911,0.967,0.0
ISIC_0014913,0.811,0.0
ISIC_0014915,0.874,0.0
ISIC_0014919,0.864,1.0
ISIC_0014920,0.815,1.0
ISIC_0014922,0.857,1.0
ISIC_0014923,0.888,0.0
ISIC_0014925,0.889,0.0
ISIC_0014926,0.92,0.0
ISIC_0014929,0.916,0.0
ISIC_0014930,0.863,0.0
ISIC_0014933,0.93,0.0
ISIC_0014951,0.853,1.0
ISIC_0014975,0.859,1.0
ISIC_0014983,0.877,1.0
ISIC_0014987,0.866,1.0
ISIC_0015005,0.822,1.0
ISIC_0015006,0.938,0.0
ISIC_0015032,0.866,0.0
ISIC_0015038,0.93,0.0
ISIC_0015044,0.892,0.0
ISIC_0015045,0.838,1.0
ISIC_0015079,0.859,1.0
ISIC_0015082,0.841,1.0
ISIC_0015108,0.797,0.0
ISIC_0015109,0.833,1.0
ISIC_0015110,0.657,1.0
ISIC_0015112,0.906,0.0
ISIC_0015113,0.955,0.0
ISIC_0015153,0.872,0.0
ISIC_0015158,0.856,0.0
ISIC_0015166,0.922,1.0
ISIC_0015168,0.842,0.0
ISIC_0015170,0.861,0.0
ISIC_0015181,0.836,0.0
ISIC_0015182,0.906,0.0
ISIC_0015189,0.91,1.0
ISIC_0015190,0.848,1.0
ISIC_0015200,0.823,1.0
ISIC_0015204,0.895,1.0
ISIC_0015219,0.912,1.0
ISIC_0015220,0.855,0.0
ISIC_0015233,0.847,0.0
ISIC_0015260,0.721,0.0
ISIC_0015284,0.905,1.0
ISIC_0015295,0.814,0.0
